{"tjp23":19905.599999999995,"jp24":20794.4,"tjp22":10792.0,"jp3":22946.0,"jp16":33516.0,"tjp14":28593.6,"jp28":16539.000000000004,"jp18":18497.7,"tjp26":12351.599999999997,"jp5":11421.000000000002,"tjp27":7931.0,"jp9":11844.0,"tjp2":26067.999999999996,"jp8":10774.4,"jp13":27490.5,"jp20":17736.399999999998,"tjp30":18060.0,"jp10":11833.499999999998,"jp11":13137.0,"jp6":20930.0,"jp25":14269.500000000004,"jp15":20425.5,"jp17":26387.2,"tjp29":12117.6,"jp21":25900.0,"jp1":14170.0,"tjp7":17702.3,"jp4":17595.0,"jp12":27930.000000000004,"jp19":24139.500000000004}