{"tjp23":13919.999999999998,"jp24":15290.0,"tjp22":7600.0,"jp3":14900.0,"jp16":22050.0,"tjp14":20720.0,"jp28":11100.000000000002,"jp18":12090.0,"tjp26":8459.999999999998,"jp5":8100.000000000002,"tjp27":5150.0,"jp9":8400.0,"tjp2":19599.999999999996,"jp8":7280.0,"jp13":22350.0,"jp20":12760.0,"tjp30":12900.0,"jp10":8049.999999999999,"jp11":8700.0,"jp6":14950.0,"jp25":9450.000000000002,"jp15":13350.0,"jp17":17360.0,"tjp29":7920.0,"jp21":20720.0,"jp1":10900.0,"tjp7":14630.0,"jp4":12750.0,"jp12":19950.000000000004,"jp19":19950.000000000004}