{"tjp23":11553.599999999999,"jp24":11161.699999999999,"tjp22":5928.0,"jp3":13112.0,"jp16":18081.0,"tjp14":18233.6,"jp28":8658.000000000002,"jp18":10276.5,"tjp26":7867.799999999998,"jp5":6561.000000000002,"tjp27":4120.0,"jp9":7224.0,"tjp2":17639.999999999996,"jp8":5532.8,"jp13":17656.5,"jp20":11484.0,"tjp30":10191.0,"jp10":7405.999999999999,"jp11":7047.000000000001,"jp6":11960.0,"jp25":8221.500000000002,"jp15":10146.0,"jp17":14582.4,"tjp29":7444.799999999999,"jp21":18233.6,"jp1":9374.0,"tjp7":10679.9,"jp4":9052.5,"jp12":16957.500000000004,"jp19":14563.500000000002}